"filename", "language", "PHP", "PostCSS", "SQLite", "JavaScript", "JSON", "comment", "blank", "total"
"c:\xampp\htdocs\SUA-IntelliLearn\config\config.php", "PHP", 70, 0, 0, 0, 0, 45, 20, 135
"c:\xampp\htdocs\SUA-IntelliLearn\config\create_admin.php", "PHP", 13, 0, 0, 0, 0, 0, 6, 19
"c:\xampp\htdocs\SUA-IntelliLearn\config\hashed_pass.php", "PHP", 24, 0, 0, 0, 0, 4, 10, 38
"c:\xampp\htdocs\SUA-IntelliLearn\includes\admin_header.php", "PHP", 199, 0, 0, 0, 0, 18, 7, 224
"c:\xampp\htdocs\SUA-IntelliLearn\includes\admin_sidebar.php", "PHP", 94, 0, 0, 0, 0, 5, 11, 110
"c:\xampp\htdocs\SUA-IntelliLearn\includes\announcements_feed_snippet.php", "PHP", 15, 0, 0, 0, 0, 9, 2, 26
"c:\xampp\htdocs\SUA-IntelliLearn\includes\css\admin_sidebar.css", "PostCSS", 0, 307, 0, 0, 0, 11, 47, 365
"c:\xampp\htdocs\SUA-IntelliLearn\includes\css\header.css", "PostCSS", 0, 87, 0, 0, 0, 7, 13, 107
"c:\xampp\htdocs\SUA-IntelliLearn\includes\css\teacher_sidebar.css", "PostCSS", 0, 414, 0, 0, 0, 29, 63, 506
"c:\xampp\htdocs\SUA-IntelliLearn\includes\teacher_header.php", "PHP", 487, 0, 0, 0, 0, 39, 40, 566
"c:\xampp\htdocs\SUA-IntelliLearn\includes\teachers_sidebar.php", "PHP", 184, 0, 0, 0, 0, 10, 24, 218
"c:\xampp\htdocs\SUA-IntelliLearn\index.php", "PHP", 4, 0, 0, 0, 0, 0, 0, 4
"c:\xampp\htdocs\SUA-IntelliLearn\public\admin\add_course.php", "PHP", 82, 0, 0, 0, 0, 6, 14, 102
"c:\xampp\htdocs\SUA-IntelliLearn\public\admin\add_enrollment_request.php", "PHP", 137, 0, 0, 0, 0, 31, 25, 193
"c:\xampp\htdocs\SUA-IntelliLearn\public\admin\add_section.php", "PHP", 61, 0, 0, 0, 0, 7, 15, 83
"c:\xampp\htdocs\SUA-IntelliLearn\public\admin\add_subject.php", "PHP", 44, 0, 0, 0, 0, 5, 13, 62
"c:\xampp\htdocs\SUA-IntelliLearn\public\admin\announcement.php", "PHP", 359, 0, 0, 0, 0, 30, 45, 434
"c:\xampp\htdocs\SUA-IntelliLearn\public\admin\approve_enrollment.php", "PHP", 103, 0, 0, 0, 0, 19, 26, 148
"c:\xampp\htdocs\SUA-IntelliLearn\public\admin\assests\api\add_class_modal.php", "PHP", 154, 0, 0, 0, 0, 0, 22, 176
"c:\xampp\htdocs\SUA-IntelliLearn\public\admin\assests\api\add_user_handler.php", "PHP", 182, 0, 0, 0, 0, 25, 30, 237
"c:\xampp\htdocs\SUA-IntelliLearn\public\admin\assests\api\add_user_modal.php", "PHP", 523, 0, 0, 0, 0, 16, 40, 579
"c:\xampp\htdocs\SUA-IntelliLearn\public\admin\assests\api\backup_data.php", "PHP", 107, 0, 0, 0, 0, 26, 24, 157
"c:\xampp\htdocs\SUA-IntelliLearn\public\admin\assests\api\chatbot.php", "PHP", 130, 0, 0, 0, 0, 39, 29, 198
"c:\xampp\htdocs\SUA-IntelliLearn\public\admin\assests\api\dashboard_functions.php", "PHP", 655, 0, 0, 0, 0, 220, 120, 995
"c:\xampp\htdocs\SUA-IntelliLearn\public\admin\assests\api\delete_announcement.php", "PHP", 33, 0, 0, 0, 0, 6, 10, 49
"c:\xampp\htdocs\SUA-IntelliLearn\public\admin\assests\api\delete_course_offering.php", "PHP", 28, 0, 0, 0, 0, 6, 9, 43
"c:\xampp\htdocs\SUA-IntelliLearn\public\admin\assests\api\export_course_students.php", "PHP", 160, 0, 0, 0, 0, 10, 15, 185
"c:\xampp\htdocs\SUA-IntelliLearn\public\admin\assests\api\export_section_classes.php", "PHP", 135, 0, 0, 0, 0, 10, 27, 172
"c:\xampp\htdocs\SUA-IntelliLearn\public\admin\assests\api\export_student_classes.php", "PHP", 132, 0, 0, 0, 0, 24, 33, 189
"c:\xampp\htdocs\SUA-IntelliLearn\public\admin\assests\api\export_teacher_classes.php", "PHP", 88, 0, 0, 0, 0, 2, 11, 101
"c:\xampp\htdocs\SUA-IntelliLearn\public\admin\assests\api\get_announcements.php", "PHP", 59, 0, 0, 0, 0, 5, 13, 77
"c:\xampp\htdocs\SUA-IntelliLearn\public\admin\assests\api\get_course_students.php", "PHP", 58, 0, 0, 0, 0, 7, 10, 75
"c:\xampp\htdocs\SUA-IntelliLearn\public\admin\assests\api\get_enrollments_count.php", "PHP", 9, 0, 0, 0, 0, 1, 6, 16
"c:\xampp\htdocs\SUA-IntelliLearn\public\admin\assests\api\lib\xlsx_writer.php", "PHP", 229, 0, 0, 0, 0, 111, 47, 387
"c:\xampp\htdocs\SUA-IntelliLearn\public\admin\assests\api\model_settings.php", "PHP", 40, 0, 0, 0, 0, 19, 12, 71
"c:\xampp\htdocs\SUA-IntelliLearn\public\admin\assests\api\openrouter_model.php", "PHP", 77, 0, 0, 0, 0, 58, 23, 158
"c:\xampp\htdocs\SUA-IntelliLearn\public\admin\assests\api\openrouter_settings.json", "JSON", 0, 0, 0, 0, 1, 0, 0, 1
"c:\xampp\htdocs\SUA-IntelliLearn\public\admin\assests\api\profile_handler.php", "PHP", 39, 0, 0, 0, 0, 0, 12, 51
"c:\xampp\htdocs\SUA-IntelliLearn\public\admin\assests\api\search.php", "PHP", 21, 0, 0, 0, 0, 15, 9, 45
"c:\xampp\htdocs\SUA-IntelliLearn\public\admin\assests\api\search_entities.php", "PHP", 70, 0, 0, 0, 0, 2, 8, 80
"c:\xampp\htdocs\SUA-IntelliLearn\public\admin\assests\api\user_management_logic.php", "PHP", 519, 0, 0, 0, 0, 63, 69, 651
"c:\xampp\htdocs\SUA-IntelliLearn\public\admin\assests\css\add_course.css", "PostCSS", 0, 357, 0, 0, 0, 17, 51, 425
"c:\xampp\htdocs\SUA-IntelliLearn\public\admin\assests\css\announcement.css", "PostCSS", 0, 588, 0, 0, 0, 15, 95, 698
"c:\xampp\htdocs\SUA-IntelliLearn\public\admin\assests\css\courses.css", "PostCSS", 0, 524, 0, 0, 0, 41, 83, 648
"c:\xampp\htdocs\SUA-IntelliLearn\public\admin\assests\css\dashboard.css", "PostCSS", 0, 562, 0, 0, 0, 14, 107, 683
"c:\xampp\htdocs\SUA-IntelliLearn\public\admin\assests\css\enrollment.css", "PostCSS", 0, 192, 0, 0, 0, 16, 32, 240
"c:\xampp\htdocs\SUA-IntelliLearn\public\admin\assests\css\profile.css", "PostCSS", 0, 654, 0, 0, 0, 59, 93, 806
"c:\xampp\htdocs\SUA-IntelliLearn\public\admin\assests\css\user_management.css", "PostCSS", 0, 1038, 0, 0, 0, 24, 172, 1234
"c:\xampp\htdocs\SUA-IntelliLearn\public\admin\assests\js\chatbot.js", "JavaScript", 0, 0, 0, 874, 0, 24, 69, 967
"c:\xampp\htdocs\SUA-IntelliLearn\public\admin\assests\js\dashboard.js", "JavaScript", 0, 0, 0, 484, 0, 25, 74, 583
"c:\xampp\htdocs\SUA-IntelliLearn\public\admin\assests\js\user_management.js", "JavaScript", 0, 0, 0, 207, 0, 15, 25, 247
"c:\xampp\htdocs\SUA-IntelliLearn\public\admin\courses.php", "PHP", 1538, 0, 0, 0, 0, 57, 206, 1801
"c:\xampp\htdocs\SUA-IntelliLearn\public\admin\dashboard.php", "PHP", 831, 0, 0, 0, 0, 23, 92, 946
"c:\xampp\htdocs\SUA-IntelliLearn\public\admin\deny_enrollment.php", "PHP", 40, 0, 0, 0, 0, 4, 13, 57
"c:\xampp\htdocs\SUA-IntelliLearn\public\admin\enrollment.php", "PHP", 962, 0, 0, 0, 0, 40, 141, 1143
"c:\xampp\htdocs\SUA-IntelliLearn\public\admin\get_offering_sections.php", "PHP", 54, 0, 0, 0, 0, 13, 14, 81
"c:\xampp\htdocs\SUA-IntelliLearn\public\admin\get_section_offerings.php", "PHP", 66, 0, 0, 0, 0, 10, 14, 90
"c:\xampp\htdocs\SUA-IntelliLearn\public\admin\profile.php", "PHP", 386, 0, 0, 0, 0, 16, 45, 447
"c:\xampp\htdocs\SUA-IntelliLearn\public\admin\reopen_enrollment.php", "PHP", 40, 0, 0, 0, 0, 5, 12, 57
"c:\xampp\htdocs\SUA-IntelliLearn\public\admin\update_course.php", "PHP", 93, 0, 0, 0, 0, 9, 15, 117
"c:\xampp\htdocs\SUA-IntelliLearn\public\admin\update_section.php", "PHP", 72, 0, 0, 0, 0, 9, 14, 95
"c:\xampp\htdocs\SUA-IntelliLearn\public\admin\update_subject.php", "PHP", 55, 0, 0, 0, 0, 8, 14, 77
"c:\xampp\htdocs\SUA-IntelliLearn\public\admin\user_management.php", "PHP", 432, 0, 0, 0, 0, 5, 35, 472
"c:\xampp\htdocs\SUA-IntelliLearn\public\assests\js\script.js", "JavaScript", 0, 0, 0, 11, 0, 0, 6, 17
"c:\xampp\htdocs\SUA-IntelliLearn\public\assests\styles\style.css", "PostCSS", 0, 622, 0, 0, 0, 18, 101, 741
"c:\xampp\htdocs\SUA-IntelliLearn\public\login.php", "PHP", 182, 0, 0, 0, 0, 4, 42, 228
"c:\xampp\htdocs\SUA-IntelliLearn\public\logout.php", "PHP", 20, 0, 0, 0, 0, 11, 4, 35
"c:\xampp\htdocs\SUA-IntelliLearn\public\teacher\assets\api\search_students.php", "PHP", 74, 0, 0, 0, 0, 13, 11, 98
"c:\xampp\htdocs\SUA-IntelliLearn\public\teacher\assets\api\student_lookup.php", "PHP", 105, 0, 0, 0, 0, 27, 13, 145
"c:\xampp\htdocs\SUA-IntelliLearn\public\teacher\assets\css\dashboard.css", "PostCSS", 0, 313, 0, 0, 0, 30, 59, 402
"c:\xampp\htdocs\SUA-IntelliLearn\public\teacher\dashboard.php", "PHP", 292, 0, 0, 0, 0, 36, 36, 364
"c:\xampp\htdocs\SUA-IntelliLearn\students_PINAKAAAABAGOO.sql", "SQLite", 0, 0, 1365, 0, 0, 197, 98, 1660
"Total", "-", 10566, 5658, 1365, 1576, 1, 1725, 2746, 23637